{"cameraMode":{"drawMode":0,"name":"Shaded","section":"Shading Mode"},"sceneLighting":false,"audioPlay":false,"sceneViewState":{"m_AlwaysRefresh":false,"showFog":false,"showSkybox":false,"showFlares":false,"showImageEffects":false,"showParticleSystems":false,"showVisualEffectGraphs":true,"m_FxEnabled":false},"in2DMode":false,"pivot":{"x":0.11313772201538086,"y":-1.0547688007354737,"z":0.04626202583312988},"rotation":{"x":0.11963851749897003,"y":-0.21996942162513734,"z":0.027193542569875718,"w":0.9677610397338867},"size":10.868504524230957,"orthographic":true}