{"cameraMode":{"drawMode":0,"name":"Shaded","section":"Shading Mode"},"sceneLighting":false,"audioPlay":false,"sceneViewState":{"m_AlwaysRefresh":true,"showFog":true,"showSkybox":false,"showFlares":true,"showImageEffects":true,"showParticleSystems":true,"showVisualEffectGraphs":true,"m_FxEnabled":false},"in2DMode":false,"pivot":{"x":-0.02870994806289673,"y":0.47937095165252688,"z":-0.08796444535255432},"rotation":{"x":0.4163871705532074,"y":-0.18072666227817536,"z":0.08483941107988358,"w":0.886996328830719},"size":0.8295406103134155,"orthographic":true}